variant,size,schedule_shift,perturbation,perturbation_strength,n_break_2,n_break_3,threshold,transition_low_seed,transition_high_seed,break_2_mean_delta_persistence_1_to_2,break_3_mean_delta_persistence_1_to_2,break_2_mean_delta_recovery_1_to_2,break_3_mean_delta_recovery_1_to_2,selected_min_largest_component_fraction,selected_max_component_count,selected_seeds,mechanism_holds
size_64,64,0.0,0,0.0,0,3,nan,-1,-1,nan,nan,nan,nan,nan,-1,,0
size_128,128,0.0,0,0.0,7,23,-0.11761764420782626,35,41,-0.12992139299348945,-0.06963623201373545,-0.18801401415921776,-0.18438778575176495,1.0,1,"35,23,47,41,43,21",1
size_256,256,0.0,0,0.0,30,1,-0.04691027926322043,32,42,-0.06405819066894436,-0.04788649361259656,-0.17657512693663133,-0.39668236166114335,1.0,1,"42,30,47,32",0
shift_0p5,128,0.5,0,0.0,29,0,nan,-1,-1,nan,nan,nan,nan,nan,-1,,0
shift_1p2,128,1.2,0,0.0,0,0,nan,-1,-1,nan,nan,nan,nan,nan,-1,,0
perturb_0p03,128,0.0,1,0.03,8,22,-0.12079875402648535,41,43,-0.1341636328218206,-0.07035147692024034,-0.24001594973060547,-0.19835904932438872,0.9921875,2,"41,23,25,43,21,38",0
