seed,mode,strength,strength_label,break_level,final_global_overlap,failure_events,mean_recovery_score
20,off,0.0,off,3,0.9372097918372677,4,0.5073539403891828
20,on,0.01,0.01,3,0.9372295490953373,4,0.5083908248414446
20,on,0.03,0.03,3,0.9322293799355549,3,0.5321753738864737
20,on,0.05,0.05,3,0.9365200075878144,4,0.5155145691579569
20,on,0.08,0.08,3,0.9319240689041507,3,0.5117475506325949
